,commentNum,uid,rankDate,nri,followerNum,name,followerNumInc,type,rankPosition,repostNum,likeNum,opusNum,huoshanFansNum,originalMusicBeUsedNum,toutiaoFansNum,followingNum,originalMusicNum,likeOpusNum,likeNum.1,fansTotal,douyinFansNum,dynamicNum,opusNum.1
0,19066,76725372134,2019-01-13,965.2,18360376,0,44074,Entertainment,1,11741,255057,2,0,0,0,1,0,164,78734351,18823553,18823553,99,99
1,26591,62214994150,2019-01-13,947.1,5160659,1,134545,Entertainment,1,11354,991288,1,5,0,633272,3,0,45,32179824,6088530,5455253,54,23
2,5492,63561392076,2019-01-13,945.5,11226614,2,56822,Entertainment,1,3422,309905,1,152,6350,77416,55,15,64,132762313,11960512,11882944,190,190
3,7622,105927636273,2019-01-13,931.0,1988664,3,268548,Entertainment,1,12811,568271,1,0,0,0,1,0,0,5415106,2599958,2599958,11,11
4,10583,55997704074,2019-01-13,892.7,8271389,4,10844,Entertainment,1,1339,150416,1,0,0,0,23,0,184,29203273,8736092,8736092,48,48
5,4612,96170903569,2019-01-13,885.2,2760352,5,9964,Entertainment,1,15385,190368,2,0,0,82587,7,0,1196,48552029,2976430,2893843,963,902
6,12572,93560057625,2019-01-13,882.5,1151655,6,131293,Entertainment,1,1815,586672,1,0,0,3590,12,0,108,6860448,1670412,1666822,24,24
7,11186,95843866489,2019-01-13,880.6,659726,7,89838,Entertainment,1,14427,466815,2,0,0,2186,139,0,164,9712379,948481,946295,238,236
8,2496,59069879140,2019-01-13,872.3,2327359,8,17324,Entertainment,1,3226,106862,1,0,0,0,2,0,11,5543511,2403989,2403989,43,43
9,4411,60282739125,2019-01-13,870.8,480231,9,87378,Entertainment,1,18154,461342,1,0,0,0,39,0,229,10801788,1647334,1647334,54,45
10,43622,97138551495,2019-01-13,866.5,589326,10,47243,Entertainment,1,11817,793072,2,0,0,11694,0,0,478,3531256,617926,606232,347,343
11,7141,77685110493,2019-01-13,861.2,2003509,11,20451,Entertainment,1,1366,111467,1,307500,4603952,1224588,102,174,594,7503452,3652745,2120657,115,89
12,5979,102933395891,2019-01-13,857.2,913936,12,15780,Entertainment,1,4866,599410,3,0,0,20234,5,0,25,31232336,1249785,1229551,377,338
13,1380,97102766208,2019-01-13,843.2,1246265,13,53577,Entertainment,1,1058,47096,2,0,0,2853,67,0,202,19485693,1634238,1631385,271,259
14,8313,75227980535,2019-01-13,841.7,2196572,14,5080,Entertainment,1,1501,100090,1,0,0,241086,9,0,4,4469950,2588466,2347380,15,15
15,9620,57191952799,2019-01-13,839.8,333783,15,25766,Entertainment,1,16377,194206,1,0,0,0,0,0,15,4439347,459360,459360,38,35
16,1994,76044597652,2019-01-13,835.7,1331147,16,52756,Entertainment,1,388,111662,4,0,0,0,1,0,518,54110674,1865896,1865896,478,476
17,946,93711052684,2019-01-13,832.2,978706,17,19283,Entertainment,1,2400,109597,6,3,0,3410,41,0,42,34179796,1873015,1869602,393,392
18,4919,95347761388,2019-01-13,822.3,223824,18,18157,Entertainment,1,11554,447090,5,0,0,0,15,0,193,24630815,674654,674654,194,187
19,1771,58712884629,2019-01-13,820.9,507719,19,9113,Entertainment,1,11369,53048,1,0,0,0,300,0,4834,2904967,555992,555992,93,92
20,2273,106918149526,2019-01-13,817.8,155112,20,38993,Entertainment,1,10537,134197,6,0,0,0,17,0,666,7526744,426275,426275,220,218
21,545,59091697912,2019-01-13,815.2,1246474,21,36560,Entertainment,1,690,22993,4,0,0,740819,56,0,1084,53508460,2846053,2105234,1558,1508
22,1900,60706206995,2019-01-13,814.0,421136,22,19397,Entertainment,1,2196,91949,1,0,0,3206,39,0,3,6215914,706051,702845,114,114
23,2144,54258640279,2019-01-13,812.0,625149,23,13618,Entertainment,1,1436,62251,1,5,0,15,352,0,125,3130857,675369,675349,67,66
24,206,78642284386,2019-01-13,807.3,1317069,24,10158,Entertainment,1,2837,20232,1,0,0,1139677,776,0,501,3986893,2607735,1468058,830,372
25,1358,65971508132,2019-01-13,799.1,793460,25,8336,Entertainment,0,1205,30265,6,0,0,0,177,0,5744,11322321,935406,935406,2724,2179
26,838,92382292996,2019-01-13,797.8,2065497,26,4362,Entertainment,0,587,30267,1,1,0,23898,0,0,1,6956580,2155184,2131285,93,93
27,1261,4551343909,2019-01-13,794.8,1503861,27,1174,Entertainment,0,1831,72348,7,0,0,430512,53,0,324,50251684,3624913,3194401,326,323
28,180,86314100721,2019-01-13,794.5,17780048,28,23284,Entertainment,0,11,6164,1,0,0,119787,7,0,0,62229704,18192652,18072865,208,207
29,8158,61309881959,2019-01-13,792.8,1301669,29,194,Entertainment,0,7270,50990,1,0,0,0,25,0,206,11568949,1455080,1455080,139,139
30,1776,104659231526,2019-01-13,792.5,216309,30,35777,Entertainment,0,994,173468,6,0,0,0,299,0,950,395735,211629,211629,215,201
31,651,101608005675,2019-01-13,790.9,935333,31,11881,Entertainment,0,531,79501,3,0,0,2715,383,0,209,29890190,1122189,1119474,578,409
32,1693,100444237946,2019-01-13,788.6,1420826,32,701,Entertainment,0,1866,75664,2,0,0,0,54,0,3,11606132,1520478,1520478,174,172
33,382,63806123510,2019-01-13,787.8,480634,33,17014,Entertainment,0,1520,56285,12,0,0,0,12,0,4736,6053954,993831,993831,291,289
34,936,102818614579,2019-01-13,777.0,904339,34,2196,Entertainment,0,1037,70934,2,0,0,0,106,0,884,32356919,1485771,1485771,927,517
35,1066,96152050202,2019-01-13,771.7,360098,35,5845,Entertainment,0,1340,56748,2,196,0,50803,59,0,1625,8115732,508959,457960,1631,1627
36,412,98787646259,2019-01-13,769.0,531484,36,54413,Entertainment,0,128,63824,2,0,0,4886,26,0,124,4223288,788483,783597,83,83
37,1311,107947659525,2019-01-13,766.1,413014,37,15685,Entertainment,0,270,43462,4,0,0,12773,33,0,129,24448682,975960,963187,257,257
38,206,78166798653,2019-01-13,763.7,629819,38,9175,Entertainment,0,1025,10003,1,0,238,0,81,3,31,2539466,777571,777571,71,71
39,681,91671639555,2019-01-13,762.0,1337080,39,2876,Entertainment,0,316,15019,1,0,0,32083,0,0,48,16771681,1603220,1571137,315,303
40,1108,99123864656,2019-01-13,761.3,749838,40,6091,Entertainment,0,170,108472,2,0,0,1193,18,0,382,24864476,873718,872525,532,391
41,1834,104414410009,2019-01-13,759.9,280013,41,1009,Entertainment,0,3235,120515,8,0,0,0,43,0,863,18459103,614099,614099,506,506
42,786,52174495549,2019-01-13,759.1,407368,42,10271,Entertainment,0,454,25728,8,9541,0,42895,67,0,354,16182786,627471,575035,1615,1610
43,721,101562160976,2019-01-13,759.0,1425160,43,7487,Entertainment,0,72,37658,1,0,0,24316,0,0,11,13185280,1717274,1692958,149,146
44,2750,96352051086,2019-01-13,757.8,220476,44,2012,Entertainment,0,2253,33567,4,0,0,0,4,0,1732,5838223,259042,259042,1646,1646
45,2841,87843470412,2019-01-13,752.2,167655,45,8512,Entertainment,0,659,25825,2,0,0,85244,1619,0,11784,1267941,330003,244759,147,147
46,3054,60102802564,2019-01-13,752.0,235505,46,916,Entertainment,0,1995,155891,5,0,0,0,113,0,6672,4992885,233547,233547,126,126
47,1099,105679233905,2019-01-13,750.0,225395,47,1859,Entertainment,0,2891,30948,3,1478,0,8591,5,0,41,9940005,456479,446410,272,272
48,811,57981675135,2019-01-13,747.0,343630,48,2923,Entertainment,0,792,65540,1,2,0,434,206,0,951,4212167,530944,530508,51,50
49,510,69920000632,2019-01-13,744.8,458714,49,7675,Entertainment,0,337,14020,2,118810,310995,23702,112,77,830,814577,687523,545011,248,181
50,8145,58047835859,2019-01-13,967.8,29228504,50,75905,Celebrity,1,1876,702146,1,944,126349,239203,41,3,2209,179152240,31550299,31310152,147,145
51,11079,95288113243,2019-01-13,955.6,7518965,51,153878,Celebrity,1,4586,1165634,1,0,0,0,59,0,76,34463836,7964621,7964621,70,64
52,1006,98085685462,2019-01-13,903.3,8376860,52,21781,Celebrity,1,3137,182645,1,77519,0,35680,30,0,1969,45276122,9346897,9233698,167,160
53,3715,92227221021,2019-01-13,892.7,1077412,53,127515,Celebrity,1,3845,596183,1,0,0,12466,49,0,242,13879702,1871218,1858752,41,40
54,3750,100669369828,2019-01-13,871.4,2854145,54,67435,Celebrity,1,569,35448,1,0,0,0,27,0,637,26932780,4634684,4634684,89,73
55,4326,63621393588,2019-01-13,869.6,2193299,55,16868,Celebrity,1,2140,241921,2,0,0,0,275,0,4883,22675214,2332834,2332834,129,129
56,2577,59819619841,2019-01-13,867.2,4511248,56,11434,Celebrity,1,1356,55051,1,161,0,19932,519,0,3823,34791793,6301671,6281578,201,176
57,3572,59174715782,2019-01-13,839.1,5823916,57,8674,Celebrity,1,151,113335,1,73,0,27784,213,0,587,72743382,6436948,6409091,309,309
58,1466,53966458913,2019-01-13,837.8,2060083,58,57211,Celebrity,1,268,72455,2,0,0,0,28,0,661,19619442,2587969,2587969,80,80
59,1371,64164086803,2019-01-13,832.8,1119473,59,25989,Celebrity,1,1093,131869,1,3,0,832,186,0,856,10274140,1549654,1548819,47,46
60,4427,16539555806,2019-01-13,826.7,334840,60,44467,Celebrity,1,2086,56601,2,25040,0,8059,12,0,66,854080,455026,421927,66,66
61,1242,54831232798,2019-01-13,810.5,4160457,61,2747,Celebrity,1,358,75646,1,16,0,59721,178,0,141,39624863,4302758,4243021,320,313
62,1108,76727438858,2019-01-13,808.5,840229,62,13595,Celebrity,1,1290,36389,1,0,0,0,18,0,349,7146722,1238080,1238080,145,145
63,980,65427261938,2019-01-13,806.5,623868,63,31995,Celebrity,1,829,51206,1,0,401183,0,10,24,4,2886699,714444,714444,23,23
64,1111,62723822455,2019-01-13,805.4,3728094,64,14198,Celebrity,1,102,16255,1,0,1301375,0,163,1,1124,22645910,4023952,4023952,100,99
65,503,107857327844,2019-01-13,799.5,206109,65,31589,Celebrity,1,17014,43877,1,0,0,9,21,0,192,1906992,605179,605170,97,97
66,1170,64860032463,2019-01-13,787.7,1339394,66,13246,Celebrity,1,192,24169,1,27,283,3480,213,2,1782,5894494,1403657,1400150,79,77
67,740,57341342928,2019-01-13,784.7,6344488,67,9427,Celebrity,1,25,16069,1,9432,2943061,175067,21,9,25,23671601,7501937,7317438,86,81
68,650,57820992345,2019-01-13,779.4,1499838,68,3274,Celebrity,1,423,87061,1,246335,0,51097,86,0,329,8185108,1790055,1492623,143,137
69,681,94714462260,2019-01-13,776.3,399613,69,15254,Celebrity,1,765,63503,1,0,0,0,70,0,266,4763916,555377,555377,51,51
70,728,67778360919,2019-01-13,775.4,1658878,70,4855,Celebrity,1,240,25826,1,0,8388,0,84,3,918,10824301,1984694,1984694,114,114
71,1272,101304007641,2019-01-13,773.7,682763,71,7371,Celebrity,1,399,37339,2,0,0,15542,8,0,115,8465120,959568,944026,164,82
72,726,105127303767,2019-01-13,758.8,193331,72,13857,Celebrity,1,1175,31244,9,0,0,0,41,0,107,1683447,254228,254228,267,225
73,1294,58568372874,2019-01-13,757.2,1680568,73,2036,Celebrity,1,147,14211,1,0,0,0,159,0,137,17408587,2048736,2048736,104,104
74,110,58606732874,2019-01-13,756.9,1376799,74,2323,Celebrity,1,1134,8673,1,0,0,0,112,0,9787,10598190,1462978,1462978,196,191
75,181,57360400587,2019-01-13,756.6,1469536,75,50940,Celebrity,0,37,6727,1,12,0,14829,22,0,83,6458629,1595302,1580461,124,124
76,188,101678191425,2019-01-13,751.0,1478400,76,11320,Celebrity,0,123,4424,1,0,0,0,20,0,268,12219132,1572145,1572145,187,187
77,530,75865339382,2019-01-13,750.7,3947583,77,2214,Celebrity,0,40,16213,1,0,1119135,0,22,6,119,11474139,4018784,4018784,120,120
78,93,92277005686,2019-01-13,750.3,1319198,78,29616,Celebrity,0,101,3119,1,591397,0,40627,16,0,189,8934188,1988516,1356492,202,197
79,6588,63614872156,2019-01-13,750.1,2078265,79,880,Celebrity,0,66,20592,1,0,0,0,123,0,64,13882606,2091667,2091667,282,281
80,269,73756717954,2019-01-13,749.3,1364743,80,3099,Celebrity,0,306,7880,2,0,0,356,11,0,617,8072305,1379252,1378896,199,183
81,776,61632910389,2019-01-13,748.5,462869,81,1333,Celebrity,0,1507,22076,5,318379,0,2411771,5,0,45,3032873,3210794,480644,425,414
82,173,52384870655,2019-01-13,746.7,919188,82,218132,Celebrity,0,13,4087,1,472302,0,24852,25,0,678,4218774,1642336,1145182,53,53
83,438,106690261130,2019-01-13,745.4,723964,83,27770,Celebrity,0,57,9387,1,0,0,0,5,0,126,13715471,1841771,1841771,53,43
84,1477,55923270292,2019-01-13,744.0,1305625,84,385,Celebrity,0,428,23228,1,0,0,0,5,0,294,10841385,1310698,1310698,165,165
85,127,71108353695,2019-01-13,736.9,104694,85,12043,Celebrity,0,4481,13162,4,0,0,0,373,0,875,624374,145437,145437,239,237
86,750,59627967653,2019-01-13,733.9,1931951,86,1236,Celebrity,0,75,11628,1,34,1271,17695,51,3,104,10948974,1935530,1917801,204,204
87,56,105429159674,2019-01-13,733.7,870929,87,15726,Celebrity,0,159,8693,1,0,0,0,26,0,759,4294399,1362510,1362510,79,76
88,91,95895529026,2019-01-13,731.1,637099,88,19608,Celebrity,0,172,2994,2,0,0,524,55,0,235,2233466,842650,842126,96,91
89,1180,63024537898,2019-01-13,726.9,829626,89,675,Celebrity,0,225,25690,3,0,0,0,94,0,45,6938192,1043458,1043458,203,201
90,672,67872413944,2019-01-13,724.4,1512333,90,769,Celebrity,0,105,15274,1,0,93,0,65,6,432,6596460,1520535,1520535,63,61
91,2202,95554460029,2019-01-13,724.1,215912,91,5147,Celebrity,0,162,27689,1,0,0,17322,106,0,536,1468977,269323,252001,94,94
92,644,61421068028,2019-01-13,723.0,264715,92,57733,Celebrity,0,44,2451,2,0,0,0,374,0,5726,5073323,400117,400117,106,106
93,375,71066861026,2019-01-13,721.1,1068421,93,1579,Celebrity,0,132,9134,1,0,0,0,88,0,1530,7852653,1185900,1185900,176,165
94,569,61915187400,2019-01-13,720.3,903333,94,4304,Celebrity,0,41,16290,1,0,0,0,49,0,817,5337990,1571140,1571140,75,75
95,3113,56862687678,2019-01-13,719.5,9389082,95,-1188,Celebrity,0,706,25697,1,0,1253725,0,29,8,152,33493051,9472354,9472354,64,64
96,260,58146392181,2019-01-13,717.6,1598483,96,759,Celebrity,0,94,52856,1,0,0,469,137,0,1952,9850913,1585096,1584627,109,99
97,407,67073747937,2019-01-13,716.3,1108188,97,299,Celebrity,0,470,7498,5,479855,0,206981,0,0,187,7184547,1800052,1113216,1105,1105
98,1087,61578470667,2019-01-13,715.1,525599,98,691,Celebrity,0,256,24574,2,278,71031,362,57,9,57,7403821,631484,630844,29,23
99,107,63237378362,2019-01-13,713.4,421572,99,809,Celebrity,0,1984,7308,1,0,0,0,15,0,4,2876616,681691,681691,55,55
100,24707,60424463447,2019-01-13,1007.3,18979744,100,511558,Funny,1,20333,852476,1,0,0,0,70,0,103,146804672,24284547,24284547,114,94
101,7083,92977763488,2019-01-13,937.3,5129673,101,75820,Funny,1,6455,531863,1,668704,0,115784,11,0,585,110844761,8160833,7376345,243,234
102,5289,104160450271,2019-01-13,913.6,2477972,102,65077,Funny,1,8850,217358,1,0,0,977,9,0,740,17908223,3224518,3223541,91,71
103,3773,104445414692,2019-01-13,888.0,1388715,103,250564,Funny,1,976,676979,1,0,0,0,9,0,147,18591315,2115838,2115838,75,75
104,2097,58664008125,2019-01-13,887.1,8895551,104,30838,Funny,1,519,101783,1,751614,0,571998,6,0,1536,97659599,10344484,9020872,233,233
105,3793,58962334436,2019-01-13,869.1,1222738,105,25153,Funny,1,3788,170018,1,66,0,469,4,0,440,9388705,1300726,1300191,99,99
106,1647,95538091779,2019-01-13,865.4,1566165,106,28742,Funny,1,3180,188552,5,0,0,8835,162,0,1444,40445056,1708453,1699618,754,514
107,1822,61833980777,2019-01-13,861.2,3030650,107,12365,Funny,1,1734,193597,1,0,0,0,322,0,1140,31694016,3151496,3151496,345,345
108,2506,59594284610,2019-01-13,859.8,340257,108,123113,Funny,1,5432,683545,5,0,0,12,31,0,565,4795067,425258,425246,178,174
109,2104,62595850082,2019-01-13,852.5,7676892,109,5531,Funny,1,443,136477,1,0,0,68845,32,0,422,70771573,7738547,7669702,86,73
110,1213,58960191370,2019-01-13,849.9,3088967,110,11044,Funny,1,1448,94842,1,443538,0,74180,7,0,630,40172396,3677457,3159739,190,190
111,5668,62785401268,2019-01-13,825.7,1385742,111,3392,Funny,1,1840,116893,2,0,0,125,864,0,2692,14155554,1405706,1405581,338,290
112,211,99089034191,2019-01-13,802.8,557881,112,18675,Funny,1,4509,31693,2,0,0,0,6,0,3846,6497059,990907,990907,414,414
113,778,59873257068,2019-01-13,800.4,2014263,113,1896,Funny,1,1531,45767,1,8,0,47009,35,0,3321,16807844,2043522,1996505,454,449
114,1492,94750556737,2019-01-13,776.9,373122,114,2803,Funny,1,3508,20783,15,0,0,11,288,0,26852,3715080,470758,470747,159,125
115,1821,66832631569,2019-01-13,775.4,4031066,115,1717,Funny,1,65,53503,1,0,0,0,67,0,77,45354849,4046239,4046239,262,260
116,190,97106911962,2019-01-13,768.9,362661,116,69138,Funny,1,524,9600,1,0,0,0,35,0,288,5754403,541732,541732,57,55
117,213,56913513592,2019-01-13,754.4,3073097,117,1863,Funny,1,182,11971,1,0,0,0,27,0,443,12856993,3081905,3081905,145,145
118,664,102042124869,2019-01-13,751.2,606556,118,2059,Funny,1,812,22653,2,0,0,0,8,0,285,11586037,778379,778379,29,29
119,542,51125674065,2019-01-13,750.2,1598847,119,6051,Funny,1,65,16951,1,274,0,2167720,7,0,544,11629565,4262453,2094459,310,307
120,366,98782929156,2019-01-13,740.9,1704720,120,3752,Funny,1,67,22529,1,0,0,172915,3,0,40,24366915,2190178,2017263,183,182
121,326,22876247389,2019-01-13,740.3,1832148,121,521,Funny,1,438,19577,1,12555,0,616872,24,0,11,13354668,2483619,1854192,159,145
122,391,73550554515,2019-01-13,728.1,954940,122,2983,Funny,1,145,5013,1,14,0,20731,64,0,3226,12386021,1122379,1101634,431,430
123,450,57712610907,2019-01-13,726.2,1286828,123,451,Funny,1,305,24068,1,475712,0,181835,138,0,405,15138706,1929357,1271810,105,100
124,1859,6556303280,2019-01-13,720.9,29540248,124,-12182,Funny,1,125,69891,5,0,0,0,8,0,222,205020344,32339193,32339193,554,554
125,294,57610050116,2019-01-13,720.1,533842,125,5598,Funny,0,131,11684,1,0,0,0,2,0,943,2209053,641944,641944,97,97
126,264,63453057372,2019-01-13,718.1,175372,126,4100,Funny,0,1037,15435,2,18503,0,14381,37,0,1,5591713,444387,411503,121,121
127,4887,52594916903,2019-01-13,717.1,5111649,127,-2039,Funny,0,1144,74274,1,84815,0,46930,106,0,17,32060038,5189364,5057619,158,138
128,35,103740865720,2019-01-13,714.0,473519,128,50883,Funny,0,76,4034,1,0,0,0,8,0,236,3914371,503345,503345,120,90
129,2225,70928278802,2019-01-13,710.5,10906798,129,-8639,Funny,0,271,143399,1,2025726,0,351159,423,0,2137,110675485,13135254,10758369,205,204
130,39,78741393728,2019-01-13,710.5,183743,130,5024,Funny,0,1836,19486,2,77461,0,51685,73,0,969,1033924,334280,205134,425,422
131,45,96149691860,2019-01-13,701.6,3888927,131,2638,Funny,0,19,1959,1,0,0,0,3,0,4,15753319,5307425,5307425,415,413
132,1842,67425489733,2019-01-13,699.2,8122229,132,-10199,Funny,0,364,38488,1,26,0,168885,226,0,12911,55881376,8141076,7972165,467,457
133,1639,57974384719,2019-01-13,697.4,4421242,133,-161,Funny,0,1013,34612,1,1423,0,131722,15,0,685,35229903,4529477,4396332,256,256
134,461,60339768443,2019-01-13,695.5,14916450,134,-2706,Funny,0,232,82490,2,0,0,0,8,0,216,157342115,14744208,14744208,580,575
135,405,97857052850,2019-01-13,695.2,116988,135,890,Funny,0,2146,7171,7,0,0,46729,65,0,31,1118531,222515,175786,403,403
136,4274,80343351806,2019-01-13,692.2,6412261,136,-1908,Funny,0,155,157764,2,167193,0,115924,418,0,1580,59295736,6692578,6409461,131,129
137,660,59254394778,2019-01-13,691.7,942859,137,90,Funny,0,289,14712,2,0,0,0,198,0,2744,5515476,1274217,1274217,88,60
138,411,4520589737,2019-01-13,689.5,182662,138,3709,Funny,0,183,6638,1,0,0,5992,47,0,238,778981,246023,240031,110,110
139,1026,97254948635,2019-01-13,689.3,5606692,139,-3921,Funny,0,703,17016,1,0,33716,804659,10,8,273,2143024,6544340,5739681,47,33
140,219,16011544442,2019-01-13,688.4,1838951,140,793,Funny,0,24,7311,2,153,0,11169,184,0,1818,18105456,1875284,1863962,200,198
141,950,54616977613,2019-01-13,687.6,6801637,141,-3052,Funny,0,455,22087,1,36,0,782427,0,0,82,51476301,7607866,6825403,462,462
142,54,85600319303,2019-01-13,684.6,376371,142,6376,Funny,0,127,2525,1,69378,0,20338,36,0,281,9539019,553863,464147,102,102
143,972,64681770050,2019-01-13,683.0,196871,143,2811,Funny,0,74,8561,3,4962,0,1360,36,0,655,1258807,230410,224088,52,48
144,662,64816010910,2019-01-13,680.6,75834,144,5047,Funny,0,195,19754,5,5231,0,11484,16,0,47,658949,136812,120097,271,271
145,659,92946666277,2019-01-13,676.6,9144591,145,-2781,Funny,0,182,25624,2,0,0,0,7,0,3,34290003,9113695,9113695,324,321
146,1501,65353876235,2019-01-13,669.5,86149,146,1213,Funny,0,159,37637,8,168,0,8425,11,0,612,850997,85190,76597,1024,789
147,71,103470780275,2019-01-13,666.1,657595,147,919,Funny,0,68,8703,3,0,0,0,19,0,301,4211144,661686,661686,234,225
148,678,95461013503,2019-01-13,661.4,4649133,148,-2563,Funny,0,191,55969,1,3529,0,1385,7,0,45,29937994,4581487,4576573,188,188
149,68,55146644897,2019-01-13,661.0,1068273,149,1185,Funny,0,24,2664,1,132755,0,24726,4,0,382,5923581,1650583,1493102,43,43
150,5537,62427282029,2019-01-13,941.8,8958842,150,58410,Game,1,3942,397045,1,110443,0,4310177,3,0,121,68718071,14837741,10417121,125,112
151,6289,92839691936,2019-01-13,913.9,11480839,151,51538,Game,1,580,322435,1,25,0,3955029,13,0,222,110231449,17124068,13169014,268,232
152,9462,99456796088,2019-01-13,908.9,1444951,152,125111,Game,1,16549,792471,3,0,0,53669,22,0,123,19511335,2747795,2694126,131,119
153,4082,61739671977,2019-01-13,901.1,2548359,153,47380,Game,1,3774,220531,1,0,0,1910980,17,0,191,17874269,4910391,2999411,185,139
154,5822,96560168975,2019-01-13,896.6,970329,154,119948,Game,1,7969,1026209,2,0,0,38760,29,0,206,22941741,1582101,1543341,211,211
155,1534,77085920527,2019-01-13,881.5,3631213,155,38091,Game,1,1565,238466,1,138,0,612343,8,0,1,23993538,5862943,5250462,89,89
156,2007,98020013280,2019-01-13,870.2,4129109,156,34636,Game,1,593,235472,1,0,0,88113,43,0,635,59612027,4700367,4612254,234,217
157,3669,72673737181,2019-01-13,863.9,2659343,157,10328,Game,1,1837,185726,2,0,0,3887,44,0,835,33306190,2966097,2962210,255,255
158,1092,98097940152,2019-01-13,857.8,1579808,158,76378,Game,1,1202,82192,1,0,0,0,1,0,0,22498167,2300828,2300828,237,237
159,2859,97486439601,2019-01-13,854.2,1322056,159,24747,Game,1,1945,91981,1,247431,0,91159,131,0,111,13314568,2058674,1720084,215,215
160,3835,100396505242,2019-01-13,852.7,1337077,160,27531,Game,1,1146,346336,2,0,0,11555,6,0,472,21211427,2048755,2037200,255,227
161,2593,86905953142,2019-01-13,836.8,928692,161,16701,Game,1,1909,116483,1,0,0,0,51,0,183,5948369,1082908,1082908,96,96
162,688,97200215248,2019-01-13,836.6,3708686,162,9200,Game,1,930,74219,1,0,0,0,17,0,27,41662987,4000554,4000554,404,402
163,2575,51681062169,2019-01-13,836.2,643533,163,14967,Game,1,3904,107621,1,0,0,194335,0,0,35,3537290,1038950,844615,34,34
164,3318,72670017994,2019-01-13,830.0,572864,164,13805,Game,1,2763,179826,2,0,0,0,107,0,536,12290025,920292,920292,121,121
165,4147,104079901187,2019-01-13,827.0,511675,165,18040,Game,1,2003,140762,1,0,0,9219,53,0,66,2781789,783133,773914,47,46
166,7581,58111395849,2019-01-13,823.4,1590854,166,9405,Game,1,510,86729,2,71551,0,272434,376,0,658,25367659,2018970,1674985,688,664
167,1719,66288161068,2019-01-13,814.1,1244514,167,8706,Game,1,759,132647,1,34366,0,34410,72,0,224,19051112,1670963,1602187,144,144
168,1798,97190129610,2019-01-13,812.7,780239,168,11515,Game,1,1273,84243,1,0,0,27165,30,0,52,5730114,1038743,1011578,137,137
169,720,67861466746,2019-01-13,811.2,2183166,169,8003,Game,1,692,35389,1,50,0,3356013,281,0,304,23292924,6023704,2667641,263,241
170,528,62847193928,2019-01-13,806.7,2525249,170,52939,Game,1,71,65324,1,0,0,2240481,50,0,6,41207536,5583631,3343150,331,328
171,1044,95636088033,2019-01-13,805.3,2244658,171,14714,Game,1,147,124629,1,18,0,296683,31,0,21,38091328,3025811,2729110,302,282
172,559,98477353876,2019-01-13,798.8,1636996,172,20074,Game,1,237,57233,1,0,0,863,41,0,2605,10401000,2252593,2251730,285,284
173,1508,97263432575,2019-01-13,798.1,440490,173,12540,Game,1,1295,161626,2,0,0,0,201,0,240,2790388,522129,522129,123,115
174,1122,71240163890,2019-01-13,796.7,202157,174,12453,Game,1,6150,104695,1,3,0,9312,36,0,109,2236825,308917,299602,50,50
175,2068,105673321888,2019-01-13,789.2,919705,175,12645,Game,0,204,84421,1,0,0,133629,3,0,110,9166493,1382770,1249141,71,69
176,931,62650418152,2019-01-13,789.0,938015,176,10627,Game,0,437,62508,1,8,0,33093,5,0,446,7081541,1167026,1133925,154,154
177,577,104876687056,2019-01-13,788.2,1713045,177,35929,Game,0,94,13511,1,0,0,0,12,0,5,17973679,3052460,3052460,57,43
178,541,96808195943,2019-01-13,782.0,712073,178,10555,Game,0,750,41997,1,0,0,10721,22,0,399,3728021,784149,773428,83,82
179,303,96600050114,2019-01-13,781.9,1185214,179,22401,Game,0,199,74158,1,393647,0,185912,106,0,261,8719956,2362451,1782892,161,161
180,135,64234162985,2019-01-13,781.3,4167371,180,5831,Game,0,313,3741,1,61095,0,479009,150,0,900,33742642,5043933,4503829,336,310
181,933,95420564199,2019-01-13,779.7,505582,181,7868,Game,0,915,77720,1,1848,0,12238,13,0,643,8922082,645412,631326,174,174
182,1284,64442153131,2019-01-13,772.0,1969215,182,3144,Game,0,123,59699,4,152285,0,2336687,82,0,630,28528999,5274278,2785306,481,475
183,630,97163021717,2019-01-13,771.3,548685,183,8376,Game,0,641,62273,1,0,0,69483,186,0,151,5895397,808129,738646,123,121
184,347,93174792357,2019-01-13,771.0,157195,184,24772,Game,0,2545,83781,1,0,0,11,53,0,286,930080,209916,209905,75,74
185,1283,87187170861,2019-01-13,769.1,285630,185,12587,Game,0,619,97328,3,2,0,139847,36,0,160,2954653,495836,355987,81,75
186,2694,59126404656,2019-01-13,768.4,1520309,186,4175,Game,0,84,27329,2,0,8074,0,9,5,452,10885554,1776933,1776933,124,122
187,652,92306686635,2019-01-13,763.6,493856,187,10326,Game,0,417,46328,2,0,0,27900,10,0,93,5205489,662203,634303,369,349
188,812,65631897102,2019-01-13,763.6,359738,188,17684,Game,0,332,65671,3,26300,0,24662,140,0,305,2430684,633150,582188,125,125
189,878,83025080395,2019-01-13,763.5,884184,189,3978,Game,0,280,79690,1,0,0,13311,36,0,218,13086458,1011455,998144,115,114
190,700,65306462636,2019-01-13,761.9,538765,190,3876,Game,0,803,47248,2,0,0,119068,25,0,565,6438346,678314,559246,267,262
191,1831,72569336084,2019-01-13,760.0,523303,191,5770,Game,0,299,27428,4,28,0,31773,256,0,223,5177385,732265,700464,118,118
192,475,96071145527,2019-01-13,759.9,850963,192,10416,Game,0,174,39644,1,0,0,0,25,0,492,7659633,951724,951724,158,156
193,155,65097903853,2019-01-13,758.7,1112030,193,5836,Game,0,528,12617,1,0,0,38800,50,0,292,5896267,1311471,1272671,158,158
194,1406,64100361922,2019-01-13,758.1,1376709,194,2319,Game,0,172,16941,1,0,0,412477,36,0,2,12882878,1824067,1411590,187,184
195,748,94002018181,2019-01-13,755.5,1030109,195,3873,Game,0,177,47859,1,857,0,35212,10,0,0,6374569,1059713,1023644,83,82
196,629,101543755126,2019-01-13,754.8,1731866,196,3077,Game,0,127,18118,2,0,0,149746,32,0,180,12750770,2076974,1927228,104,99
197,1800,93126192250,2019-01-13,752.2,577907,197,4082,Game,0,196,50525,1,0,0,5325,7,0,1,3340059,707636,702311,72,71
198,798,70930709592,2019-01-13,751.7,426239,198,9772,Game,0,262,35547,1,0,0,0,168,0,2916,2431581,670106,670106,57,57
199,269,81788417999,2019-01-13,751.5,952098,199,813,Game,0,1775,24256,1,0,0,30658,70,0,519,15829676,1414836,1384178,124,122
200,1267,59050643744,2019-01-13,781.6,1612761,200,29359,Sports,1,48,15464,1,164,0,26170,201,0,1195,8506339,1618921,1592587,92,92
201,302,57702635687,2019-01-13,761.1,287366,201,19910,Sports,1,836,41815,3,0,0,30921,171,0,600,3073308,486889,455968,122,119
202,324,97247984806,2019-01-13,760.5,2621593,202,1813,Sports,1,263,11392,3,0,0,737266,30,0,54,31755867,4155401,3418135,473,464
203,1269,61428044217,2019-01-13,748.7,332474,203,2211,Sports,1,1014,37241,1,0,0,0,25,0,46,4942968,338613,338613,148,147
204,780,57728737098,2019-01-13,733.5,441458,204,3429,Sports,1,286,18008,3,22,0,33224,51,0,675,1853250,491587,458341,183,145
205,50,72327365336,2019-01-13,721.5,921632,205,29875,Sports,1,62,1673,1,0,0,3845,1,0,510,2797299,1278962,1275117,103,97
206,518,60076252697,2019-01-13,712.2,300847,206,1133,Sports,1,532,34076,2,2,0,2957,119,0,1,2308329,324118,321159,55,55
207,216,64313094657,2019-01-13,704.4,1195523,207,1530,Sports,1,59,11918,1,72231,0,236811,341,0,232,15705030,1654609,1345567,1499,1416
208,1018,97356037959,2019-01-13,702.9,233642,208,1278,Sports,1,300,19617,2,0,0,55,55,0,188,2569845,234695,234640,86,86
209,363,65514805206,2019-01-13,692.4,464620,209,3174,Sports,1,64,4091,2,15194,0,1476,236,0,7820,4120387,533889,517219,258,258
210,72,95500825669,2019-01-13,689.9,138406,210,3489,Sports,1,1110,5948,2,12343,0,6903,1,0,101,1037933,226805,207559,86,86
211,801,65039105700,2019-01-13,689.6,249381,211,905,Sports,1,230,12665,1,0,0,19209,65,0,1611,4042207,270162,250953,185,185
212,85,84927955371,2019-01-13,689.0,1197145,212,804,Sports,1,113,4064,1,0,0,717563,39,0,0,11057246,1912772,1195209,159,154
213,13,97550595885,2019-01-13,686.4,991250,213,15152,Sports,1,47,536,1,0,0,23408,2,0,539,3012247,1053837,1030429,158,158
214,393,92672173247,2019-01-13,684.1,369787,214,2182,Sports,1,72,6073,1,0,0,125,171,0,1986,3438166,400155,400030,56,55
215,66,101455826134,2019-01-13,677.4,120471,215,2574,Sports,1,871,9361,5,0,0,0,2,0,55,895036,274371,274371,315,315
216,49,72283527468,2019-01-13,671.8,279016,216,1669,Sports,1,289,9162,1,0,0,829,1,0,0,1141260,294481,293652,75,75
217,276,64220566661,2019-01-13,670.7,504438,217,346,Sports,1,162,4545,2,26,0,31277,23,0,2,1933801,542713,511410,116,116
218,830,77419818667,2019-01-13,668.1,66428,218,3888,Sports,1,117,30269,2,0,0,0,52,0,87,476474,66134,66134,99,99
219,383,59343993706,2019-01-13,666.0,96115,219,916,Sports,1,397,28637,1,0,0,4786,99,0,1694,1962887,107576,102790,31,31
220,47,105455630700,2019-01-13,665.3,164139,220,1181,Sports,1,765,6272,3,0,0,17994,51,0,104,1199113,367050,349056,64,64
221,53,84376617800,2019-01-13,665.0,304518,221,3947,Sports,1,105,1602,2,42315,0,18257,144,0,1904,960809,366705,306133,724,724
222,291,104655993197,2019-01-13,663.5,592212,222,596,Sports,1,40,8244,1,0,0,162,7,0,85,6182218,605105,604943,86,86
223,26,99307290795,2019-01-13,662.1,478741,223,804,Sports,1,283,2708,1,0,0,24897,196,0,132,2103672,514170,489273,336,139
224,75,96129902136,2019-01-13,661.6,1148462,224,10088,Sports,1,3,1370,1,2,0,15235,91,0,1289,16727527,1175166,1159929,302,300
225,165,106913797935,2019-01-13,659.4,288339,225,1483,Sports,0,66,7726,1,0,0,65886,0,0,0,1192753,496504,430618,19,19
226,469,99766072293,2019-01-13,642.0,70903,226,622,Sports,0,255,12491,2,0,0,0,81,0,1041,872997,77802,77802,196,145
227,229,105940600281,2019-01-13,640.2,136602,227,771,Sports,0,143,3135,1,0,0,0,14,0,190,600851,163999,163999,114,83
228,82,106106151232,2019-01-13,636.0,146848,228,1749,Sports,0,74,7592,1,0,0,922,23,0,15,1093654,153787,152865,43,43
229,165,61279340305,2019-01-13,633.9,119422,229,520,Sports,0,189,7081,4,3,0,5218,36,0,918,643041,164741,159520,457,452
230,212,107699056430,2019-01-13,633.0,100670,230,3567,Sports,0,30,7715,1,0,0,8738,0,0,0,308842,126496,117758,14,14
231,38,52145015342,2019-01-13,627.3,287427,231,447,Sports,0,139,1509,2,0,0,7349,112,0,757,1274875,307603,300254,237,152
232,112,101902939513,2019-01-13,622.5,211144,232,1211,Sports,0,26,3199,11,0,0,14308,0,0,0,1009248,234155,219847,486,486
233,51,106907966754,2019-01-13,618.3,530481,233,1468,Sports,0,9,714,1,0,0,96922,1,0,0,2436826,825207,728285,22,22
234,24,79146530793,2019-01-13,609.0,153920,234,487,Sports,0,155,2469,1,15,0,828,193,0,111,1174392,182573,181730,72,72
235,44,58637701174,2019-01-13,608.3,118151,235,569,Sports,0,149,1426,1,12,0,9788,64,0,290,639810,212093,202293,108,108
236,606,58024280404,2019-01-13,604.5,422292,236,-265,Sports,0,693,8204,1,0,0,0,15,0,358,3745435,414290,414290,32,32
237,61,98608816524,2019-01-13,603.2,275721,237,136,Sports,0,89,1182,8,0,0,69816,22,0,121,4445709,359082,289266,1526,1494
238,57,59123229128,2019-01-13,602.0,215455,238,814,Sports,0,20,2164,3,0,0,0,2,0,169,1754,216744,216744,0,0
239,215,22106633622,2019-01-13,597.5,131482,239,237,Sports,0,43,2866,2,0,0,0,0,0,475,1752628,140497,140497,440,437
240,69,13791792065,2019-01-13,597.4,493463,240,1149,Sports,0,3,819,1,213608,0,10221,69,0,3,4426455,890871,667042,75,75
241,55,91775230830,2019-01-13,596.3,84530,241,276,Sports,0,216,1727,1,7,0,2031,47,0,602,230168,86705,84667,137,137
242,6,95428063254,2019-01-13,585.2,366300,242,5933,Sports,0,3,578,1,0,0,98740,29,0,95,1783374,465122,366382,144,144
243,25,61927934703,2019-01-13,581.7,68861,243,775,Sports,0,74,2817,1,0,0,647,207,0,886,372057,73651,73004,219,219
244,156,66270110735,2019-01-13,580.7,94727,244,101,Sports,0,86,2259,1,1,0,2607,1823,0,858,2019507,135662,133054,158,221
245,897,94923645744,2019-01-13,579.4,461397,245,-34,Sports,0,99,10751,4,62107,0,186645,141,0,2104,5088020,711313,462561,407,405
246,84,62612743059,2019-01-13,578.7,169094,246,395,Sports,0,12,2159,1,3391,0,152,21,0,499,1921684,218723,215180,87,78
247,112,67491072581,2019-01-13,572.4,97690,247,249,Sports,0,25,2879,1,0,0,4083,180,0,1901,804225,101960,97877,56,54
248,89,63658755576,2019-01-13,570.6,90561,248,362,Sports,0,19,4246,1,0,0,4481,34,0,173,845444,92844,88363,65,63
249,166,53953757433,2019-01-13,568.8,1145674,249,-972,Sports,0,46,4887,1,611943,0,61446,222,0,2671,9872726,1803335,1129946,355,350
250,4984,96843810844,2019-01-13,867.9,757940,250,33222,Business,1,7093,233419,1,0,0,0,172,0,501,10830596,780397,780397,85,84
251,5308,95872745325,2019-01-13,834.5,1466891,251,16938,Business,1,549,221478,9,977,0,1285754,18,0,192,6244961,3208293,1921562,194,193
252,1106,72374361718,2019-01-13,775.3,309685,252,5687,Business,1,3499,7296,1,0,0,338,186,0,282,426553,307960,307622,45,43
253,567,81465489133,2019-01-13,762.7,108632,253,51250,Business,1,1073,68934,1,39686,0,545,29,0,0,188423,148466,108235,0,0
254,768,105490319757,2019-01-13,713.5,423085,254,501,Business,1,720,10710,23,0,0,0,29,0,78,1625434,431187,431187,1085,1081
255,547,61627091456,2019-01-13,697.4,719836,255,758,Business,1,106,7661,1,0,0,0,15,0,483,3604104,721902,721902,272,250
256,104,92218134919,2019-01-13,646.0,475770,256,716,Business,1,37,7483,5,0,0,37915,115,0,964,8593939,515435,477520,799,693
257,27,66449048151,2019-01-13,605.4,173259,257,140,Business,1,348,1722,3,7009,0,68349,66,0,1141,1239205,247213,171855,191,188
258,11,95473041073,2019-01-13,605.0,370339,258,702,Business,1,43,926,1,0,0,0,27,0,343,407357,376882,376882,291,290
259,80,52505259547,2019-01-13,602.0,45284,259,2545,Business,1,48,11190,1,218718,0,15814,114,0,832,469228,285854,51322,292,292
260,40,86736072867,2019-01-13,599.3,430654,260,291,Business,1,17,3091,1,0,0,80324,6,0,0,4688051,607681,527357,240,239
261,160,102797283108,2019-01-13,582.9,35853,261,934,Business,1,67,1128,1,0,0,0,4507,0,659,88693,41387,41387,120,120
262,407,106274051135,2019-01-13,573.0,38297,262,704,Business,1,26,690,2,0,0,0,48,0,118,52695,45636,45636,85,85
263,22,61190447960,2019-01-13,559.4,92625,263,407,Business,1,41,376,3,0,0,0,114,0,138,458333,94744,94744,233,233
264,60,95501106170,2019-01-13,557.1,36818,264,491,Business,1,48,1770,1,0,0,22,166,0,144,168402,58184,58162,148,148
265,64,74240587406,2019-01-13,552.6,64460,265,936,Business,1,10,500,1,16019,0,4822,3,0,1031,202310,140153,119312,127,127
266,15,78114859257,2019-01-13,542.5,434139,266,36,Business,1,24,68,1,0,0,9914,2,0,86,2885344,441472,431558,120,120
267,25,76485194457,2019-01-13,533.7,33047,267,453,Business,1,49,225,4,23717,0,4265,149,0,240,47997,61990,34008,285,283
268,6,94674032757,2019-01-13,533.4,368940,268,377,Business,1,3,146,2,0,0,0,47,0,2556,852483,417353,417353,526,526
269,75,95797856192,2019-01-13,529.9,295945,269,-219,Business,1,84,4510,1,0,0,0,14,0,211,5147342,335665,335665,115,109
270,7,103830240508,2019-01-13,527.0,258025,270,147,Business,1,7,319,1,0,0,175,62,0,857,1656699,324306,324131,97,91
271,35,59405461029,2019-01-13,518.8,166353,271,58,Business,1,7,371,2,0,0,12841,97,0,820,1017196,184111,171270,455,451
272,11,76067794733,2019-01-13,514.5,58657,272,162,Business,1,34,129,2,3234,0,3377,630,0,7878,215269,69947,63336,291,285
273,8,59615047462,2019-01-13,510.9,243813,273,81,Business,1,4,757,1,0,0,0,49,0,586,1720553,337501,337501,260,260
274,69,93905468983,2019-01-13,507.4,505215,274,-207,Business,1,16,605,2,10994,0,30050,44,0,264,957034,544387,503343,275,275
275,48,60037099305,2019-01-13,500.9,192346,275,72,Business,0,1,961,2,0,0,665,302,0,10507,1805875,200912,200247,463,463
276,43,60384082593,2019-01-13,495.8,413771,276,-370,Business,0,14,1017,2,94,0,66266,101,0,181,1609013,574168,507808,167,167
277,54,106682385301,2019-01-13,495.0,491498,277,-1575,Business,0,10,528,2,0,0,0,50,0,480,1676363,486459,486459,108,108
278,26,98504454966,2019-01-13,491.7,326176,278,-128,Business,0,23,1115,1,0,0,23844,81,0,348,15030097,364586,340742,350,347
279,7,102108683545,2019-01-13,489.0,110488,279,488,Business,0,0,328,1,0,0,3172,33,0,367,1775620,344606,341434,68,68
280,12,67671191708,2019-01-13,487.1,104969,280,111,Business,0,3,257,1,0,0,0,45,0,3137,881099,102395,102395,40,37
281,11,96352811685,2019-01-13,485.6,64635,281,609,Business,0,1,650,1,25318,0,14,1,0,136,412842,90950,65618,109,109
282,23,104252062679,2019-01-13,483.9,34610,282,47,Business,0,19,620,6,0,0,448,43,0,844,257437,35328,34880,188,188
283,3,102628889112,2019-01-13,483.0,40837,283,716,Business,0,8,37,1,0,0,2089,316,0,165,37439,45556,43467,12,12
284,8,104522561624,2019-01-13,473.0,134487,284,-19,Business,0,90,668,1,0,0,5,70,0,352,699856,134304,134299,70,70
285,22,72760147127,2019-01-13,466.9,106105,285,-30,Business,0,46,684,2,0,0,23,41,0,730,732709,106902,106879,123,123
286,7,95776846387,2019-01-13,465.4,23889,286,502,Business,0,4,142,1,0,0,9522,9,0,117,111427,49106,39584,72,72
287,36,95946613128,2019-01-13,464.7,36476,287,174,Business,0,1,1153,1,0,0,55,12,0,787,772822,38207,38152,377,377
288,14,78927162654,2019-01-13,451.5,153009,288,-51,Business,0,16,384,2,0,0,50043,2,0,187,727065,250188,200145,165,165
289,19,81589269945,2019-01-13,447.6,26083,289,61,Business,0,3,920,1,0,0,0,2,0,31,370745,32685,32685,28,28
290,14,58698454890,2019-01-13,445.7,722941,290,-507,Business,0,0,186,1,0,0,0,208,0,811,5971437,711617,711617,49,49
291,35,81545183459,2019-01-13,445.4,390844,291,-98,Business,0,1,855,2,0,0,19356,40,0,441,11314095,406965,387609,331,330
292,22,58313730765,2019-01-13,444.0,52657,292,14,Business,0,3,715,1,0,0,45,12,0,115,209988,52776,52731,62,60
293,21,104407897703,2019-01-13,442.1,180941,293,-285,Business,0,6,225,1,0,0,0,970,0,959,1650593,174622,174622,120,120
294,12,105535904367,2019-01-13,437.0,130207,294,-124,Business,0,13,135,1,0,0,77310,89,0,662,549639,206275,128965,180,179
295,41,105512411457,2019-01-13,435.2,22875,295,25,Business,0,3,451,1,0,0,0,3481,0,3452,10784,24085,24085,84,84
296,9,100415295649,2019-01-13,433.2,35139,296,134,Business,0,1,129,1,0,0,0,24,0,338,51507,38617,38617,136,136
297,7,105366149045,2019-01-13,431.4,29030,297,199,Business,0,1,133,1,0,0,56,20,0,233,30022,30844,30788,47,47
298,11,52221362372,2019-01-13,431.4,20567,298,90,Business,0,3,104,3,0,0,0,1583,0,2507,198402,22512,22512,354,352
299,15,94279978462,2019-01-13,430.6,418820,299,-356,Business,0,1,181,1,59132,0,27701,145,0,1328,872968,499652,412819,291,291
300,1337,95582640557,2019-01-13,843.8,754096,300,17463,Technology,1,6111,132788,2,0,0,0,28,0,1566,4439837,839841,839841,624,624
301,1630,93414034950,2019-01-13,831.7,1666043,301,4894,Technology,1,3013,48537,2,0,0,45767,102,0,719,10800839,1873000,1827233,471,376
302,286,93984482190,2019-01-13,780.7,4545518,302,9685,Technology,1,95,3579,1,57836,0,1206002,15,0,237,75417840,6310549,5046711,252,225
303,7578,69580651131,2019-01-13,771.5,72620,303,8083,Technology,1,5283,85460,1,0,0,415,1832,0,2037,853510,117226,116811,110,110
304,562,65545607580,2019-01-13,765.6,826355,304,16399,Technology,1,156,29071,1,0,0,0,30,0,98,4141554,837788,837788,85,85
305,158,94821983954,2019-01-13,759.5,199446,305,9533,Technology,1,6111,13694,3,0,0,16031,53,0,1092,1505413,497563,481532,126,74
306,2027,71191584715,2019-01-13,754.4,394702,306,3574,Technology,1,591,15495,1,0,0,0,199,0,114,1517667,407902,407902,321,318
307,649,101423140558,2019-01-13,734.1,266679,307,4325,Technology,1,583,24619,1,0,0,31369,0,0,42,2801745,369631,338262,195,195
308,573,105595202170,2019-01-13,715.0,948834,308,1047,Technology,1,131,7692,1,0,0,0,22,0,147,4599734,1056677,1056677,106,97
309,791,104655810671,2019-01-13,713.7,713565,309,1691,Technology,1,103,6302,2,0,0,176814,3,0,81,3583608,934718,757904,207,207
310,279,102226355767,2019-01-13,713.3,1454007,310,1972,Technology,1,43,16550,1,0,0,22992,9,0,114,7063915,1680904,1657912,107,103
311,125,96110519636,2019-01-13,708.3,243091,311,2212,Technology,1,1341,5503,2,0,0,20428,4,0,115,608496,274370,253942,96,94
312,364,52956822079,2019-01-13,705.3,1090172,312,6752,Technology,1,11,16455,1,0,0,31136,4,0,253,7928197,1294935,1263799,251,141
313,563,98573160279,2019-01-13,701.9,865886,313,722,Technology,1,119,4324,2,0,0,0,3,0,25,1699490,881094,881094,177,176
314,123,92468352732,2019-01-13,698.4,135045,314,2893,Technology,1,1598,5273,2,0,0,24402,5,0,491,173456,169572,145170,159,153
315,29,106856574098,2019-01-13,676.3,199875,315,18862,Technology,1,118,2982,1,0,0,0,70,0,2268,3617784,253929,253929,86,84
316,63,96360322413,2019-01-13,672.9,717547,316,126,Technology,1,884,2567,2,0,0,43,680,0,242,992090,712189,712146,187,154
317,175,97938369826,2019-01-13,669.0,198445,317,746,Technology,1,440,5447,1,0,0,0,26,0,934,540538,332755,332755,158,158
318,1072,70973564972,2019-01-13,666.6,34612,318,6591,Technology,1,144,46784,1,0,0,526,19,0,420,316322,40320,39794,29,28
319,339,70220673506,2019-01-13,661.5,1293564,319,50,Technology,1,100,6949,1,94219,0,353949,130,0,1377,11081510,1808222,1360054,612,604
320,833,103699672143,2019-01-13,651.5,529385,320,377,Technology,1,20,5247,2,0,0,31204,381,0,198,2478208,626825,595621,137,94
321,248,106845278373,2019-01-13,651.3,209691,321,631,Technology,1,102,15938,3,0,0,0,4,0,409,1476794,234700,234700,186,186
322,121,103297483191,2019-01-13,646.7,868108,322,251,Technology,1,33,9458,5,0,0,77448,1,0,0,7910289,1095297,1017849,484,484
323,383,63909176096,2019-01-13,640.3,377038,323,219,Technology,1,38,22524,3,0,0,0,6,0,117,3750176,455339,455339,120,119
324,161,104300531067,2019-01-13,637.5,251550,324,412,Technology,1,89,5658,1,0,0,0,39,0,117,1857418,266058,266058,40,40
325,304,105305538399,2019-01-13,637.0,132907,325,1338,Technology,0,48,7635,2,0,0,821,0,0,3,1091928,144896,144075,51,48
326,11,84509654640,2019-01-13,631.9,3418695,326,1795,Technology,0,4,48,3,0,0,22874,477,0,480,4239237,3449218,3426344,287,276
327,135,85085137497,2019-01-13,630.8,237134,327,699,Technology,0,54,2732,1,3428,0,147201,1,0,78,765310,397627,246998,65,65
328,42,53650058396,2019-01-13,628.9,109349,328,8630,Technology,0,39,1759,1,337045,0,114692,165,0,530,459114,564668,112931,169,169
329,23,25407200714,2019-01-13,628.8,530258,329,784,Technology,0,58,506,1,0,0,83,3993,0,5793,1466090,537674,537591,85,84
330,59,94619430979,2019-01-13,627.8,198155,330,293,Technology,0,373,580,2,0,0,0,51,0,252,490248,201017,201017,250,249
331,38,104654783101,2019-01-13,622.0,340910,331,712,Technology,0,63,518,2,78804,0,14214,291,0,158,687965,792040,699022,123,123
332,20,95441392298,2019-01-13,618.3,230883,332,544,Technology,0,175,893,2,1,0,1456,252,0,349,233882,239887,238430,64,64
333,103,104336510818,2019-01-13,615.1,50865,333,246,Technology,0,878,4135,2,0,0,4780,4953,0,6367,770526,56535,51755,199,198
334,51,104628522441,2019-01-13,612.8,233348,334,386,Technology,0,103,526,2,0,0,38878,3,0,201,280898,270851,231973,120,91
335,47,78297061712,2019-01-13,611.0,532118,335,72,Technology,0,99,1392,2,3,0,361965,251,0,8,2735818,1016393,654425,348,347
336,95,98008318445,2019-01-13,609.8,309092,336,463,Technology,0,22,1656,2,0,0,0,203,0,258,2164782,327465,327465,231,230
337,90,105129348733,2019-01-13,609.2,128211,337,672,Technology,0,51,5383,1,0,0,0,2,0,26,656055,135162,135162,54,54
338,23,105500148602,2019-01-13,607.5,252676,338,262,Technology,0,162,633,1,0,0,17207,22,0,3517,1303738,302690,285483,860,159
339,17,105330686986,2019-01-13,605.6,100202,339,500,Technology,0,432,766,2,0,0,0,26,0,0,377160,103564,103564,0,0
340,58,99594587513,2019-01-13,602.0,202487,340,700,Technology,0,30,1073,2,0,0,460,7,0,764,1335761,212720,212260,440,148
341,114,106286115736,2019-01-13,593.8,102479,341,433,Technology,0,63,793,1,0,0,2237,1,0,225,101604,109515,107278,81,54
342,69,68148133164,2019-01-13,589.8,62654,342,172,Technology,0,405,743,2,0,0,0,389,0,1738,200208,62611,62611,223,222
343,35,102742552208,2019-01-13,587.3,184820,343,2920,Technology,0,4,3416,1,0,0,62965,3,0,0,1718262,314355,251390,68,67
344,125,59516571038,2019-01-13,586.2,147146,344,22,Technology,0,334,1268,1,0,0,108,210,0,5472,594871,147418,147310,244,241
345,18,99313777384,2019-01-13,580.2,236436,345,611,Technology,0,24,259,1,0,0,0,142,0,1503,786708,246960,246960,146,146
346,43,13446352032,2019-01-13,576.7,465417,346,29,Technology,0,48,959,1,54,0,2107211,15,0,37,2593159,2572001,464736,233,232
347,23,101828094511,2019-01-13,569.7,356997,347,61,Technology,0,38,931,2,0,0,0,61,0,849,1697401,381770,381770,200,192
348,33,93943815475,2019-01-13,566.0,1081920,348,-139,Technology,0,176,1582,1,0,0,201114,4,0,52,2513715,1342760,1141646,163,163
349,2,105487898395,2019-01-13,564.6,188097,349,1791,Technology,0,27,150,1,0,0,11101,23,0,379,426979,278904,267803,112,97
350,7283,102649377270,2019-01-13,937.4,1964118,350,401098,Fashion,1,139552,1067406,1,0,0,45,1,0,56,11160923,3281434,3281389,55,55
351,1314,93191098664,2019-01-13,893.4,1849038,351,80410,Fashion,1,5359,136292,1,2,0,85,6,0,11,9258713,2723374,2723287,74,72
352,6581,62696789393,2019-01-13,860.6,585694,352,35024,Fashion,1,5761,501445,1,0,0,0,16,0,728,10612419,843011,843011,75,75
353,2926,73034611499,2019-01-13,850.9,2997116,353,14537,Fashion,1,641,109424,2,92,0,15025,20,0,521,16350272,3103409,3088292,145,145
354,1217,57146617774,2019-01-13,850.1,5078177,354,16011,Fashion,1,589,28666,1,220751,0,57051,150,0,1038,20735098,6927533,6649731,238,236
355,5613,58961332614,2019-01-13,849.8,335191,355,46265,Fashion,1,6309,310282,1,0,0,0,230,0,12377,4332429,442663,442663,48,47
356,2199,59150254410,2019-01-13,846.2,5776947,356,6419,Fashion,1,477,77769,1,170,0,11456,176,0,230,53821852,6295226,6283600,210,203
357,26083,103576447729,2019-01-13,826.5,328816,357,14023,Fashion,1,5137,205932,1,0,0,1599,88,0,1689,12267153,395862,394263,112,105
358,3087,58752010467,2019-01-13,824.2,1903811,358,7694,Fashion,1,645,47300,1,53,0,59881,54,0,271,10165446,2105819,2045885,209,209
359,1347,58276021197,2019-01-13,822.6,867604,359,29333,Fashion,1,1030,56369,2,0,0,0,48,0,957,5753146,890996,890996,95,95
360,1274,58651677044,2019-01-13,822.4,6785721,360,1990,Fashion,1,473,47243,1,0,0,0,3,0,179,66355075,6992219,6992219,566,562
361,1747,58479215586,2019-01-13,819.9,2786502,361,6599,Fashion,1,486,36596,1,0,0,95364,11,0,92,12577439,3428025,3332661,117,117
362,2248,82480311983,2019-01-13,813.7,4407070,362,1365,Fashion,1,455,121333,1,0,0,72409,91,0,611,48871275,4555409,4483000,176,174
363,2110,63578634903,2019-01-13,813.6,908953,363,16300,Fashion,1,737,54127,2,0,0,0,80,0,200,4076959,1014490,1014490,41,40
364,3623,58893806483,2019-01-13,813.5,367346,364,14914,Fashion,1,1960,224241,1,0,0,0,67,0,771,6264768,383266,383266,66,64
365,6540,99267838061,2019-01-13,813.3,196739,365,20108,Fashion,1,3997,178486,4,0,0,0,20,0,248,2853614,235556,235556,82,60
366,1248,54732891751,2019-01-13,813.1,3627097,366,1820,Fashion,1,987,28937,1,12,0,18294,386,0,318,29228360,3763979,3745673,279,275
367,1708,57225632543,2019-01-13,810.4,2242497,367,6684,Fashion,1,357,60870,2,3440,0,18899,75,0,38,15632847,2527242,2504903,164,164
368,608,59168758509,2019-01-13,808.5,3325172,368,6198,Fashion,1,355,70884,1,0,11537,0,31,7,3,19832690,4705680,4705680,147,147
369,16350,98080601020,2019-01-13,805.4,109153,369,33066,Fashion,1,4331,134273,1,0,0,0,18,0,321,1383234,140036,140036,128,127
370,3020,73769810599,2019-01-13,798.2,1811422,370,1542,Fashion,1,652,84856,1,0,0,0,58,0,268,17565311,1975849,1975849,109,109
371,1005,55665206925,2019-01-13,796.0,720935,371,25339,Fashion,1,580,15782,1,0,0,0,124,0,654,3249166,823035,823035,117,117
372,1161,60331148245,2019-01-13,793.5,501161,372,11012,Fashion,1,1560,33983,1,0,0,0,15,0,328,3139243,662710,662710,64,64
373,1397,63227593276,2019-01-13,786.9,1000076,373,9356,Fashion,1,361,26733,1,0,0,5550,60,0,63,9547914,1178304,1172754,113,112
374,1077,56339702026,2019-01-13,785.7,424958,374,33090,Fashion,1,484,31000,2,2,0,2836,0,0,12,2646276,574364,571526,47,46
375,880,104396357002,2019-01-13,784.3,121152,375,19051,Fashion,0,28203,68067,1,0,0,0,35,0,61,656075,186620,186620,43,43
376,1781,61539143890,2019-01-13,778.9,249571,376,22509,Fashion,0,673,68110,1,0,0,0,28,0,165,1567307,451363,451363,43,43
377,833,53370562068,2019-01-13,769.1,1835312,377,10198,Fashion,0,75,11770,1,34,0,45781,149,0,485,13608265,2008665,1962850,122,120
378,1014,69392110320,2019-01-13,764.5,1405168,378,9245,Fashion,0,64,40597,1,38,0,10437,2,0,1722,8860104,1513180,1502705,108,83
379,351,63656274144,2019-01-13,754.5,263486,379,6704,Fashion,0,2282,12855,1,11,0,17649,49,0,439,811847,298712,281052,104,104
380,971,57755197172,2019-01-13,753.9,1483421,380,6620,Fashion,0,65,8833,1,10407,0,8610,36,0,69,8505227,1680261,1661244,90,90
381,574,55678792601,2019-01-13,753.3,805022,381,2825,Fashion,0,430,31287,1,0,0,0,156,0,1169,9685372,826547,826547,231,231
382,2522,66236291136,2019-01-13,750.2,7949897,382,630,Fashion,0,14,13856,1,84,0,82174,121,0,1413,69817781,8679578,8597320,248,244
383,233,59059726425,2019-01-13,750.0,748467,383,14625,Fashion,0,212,8134,1,0,0,0,190,0,202,1894973,1008363,1008363,88,87
384,1069,58519523841,2019-01-13,731.4,613168,384,753,Fashion,0,482,22710,1,2,0,463,31,0,1292,5900840,675118,674653,90,89
385,640,103828942377,2019-01-13,731.1,86130,385,8439,Fashion,0,1529,41001,1,0,0,0,18,0,88,535028,109143,109143,25,30
386,117,102655066525,2019-01-13,729.0,578582,386,869,Fashion,0,2166,13566,1,0,0,826,1,0,2,4134521,674694,673868,56,56
387,180,102165270202,2019-01-13,728.8,256199,387,4939,Fashion,0,1284,8443,1,0,0,0,2,0,39,651572,255023,255023,74,74
388,1300,52113280397,2019-01-13,723.5,115203,388,5397,Fashion,0,751,12722,1,0,0,0,11,0,1,1076758,188702,188702,143,143
389,114,100878185674,2019-01-13,719.8,390742,389,6294,Fashion,0,390,10117,1,0,0,0,38,0,40,612568,488293,488293,25,23
390,82,103126625019,2019-01-13,718.4,909298,390,2308,Fashion,0,278,12114,2,0,0,0,2194,0,879,3432994,1194636,1194636,248,247
391,469,91582320390,2019-01-13,718.0,132165,391,5089,Fashion,0,747,33110,2,0,0,0,112,0,158,591272,133069,133069,111,101
392,309,58496837827,2019-01-13,717.0,1101203,392,8869,Fashion,0,23,6576,1,0,0,3631,43,0,930,9105185,1821540,1817909,52,51
393,1200,75414142735,2019-01-13,715.8,644450,393,870,Fashion,0,189,7381,1,0,0,0,1,0,21,3262908,638912,638912,199,199
394,101,71197107314,2019-01-13,715.4,221980,394,1612,Fashion,0,3295,9329,1,0,0,10199,29,0,2547,1334952,233157,222958,307,104
395,410,60813192017,2019-01-13,714.7,502263,395,2873,Fashion,0,176,7899,1,0,0,0,58,0,181,5985180,823725,823725,37,37
396,1372,95466719241,2019-01-13,713.5,1611679,396,57,Fashion,0,375,16292,1,0,0,0,1,0,28,7045887,1581597,1581597,23,23
397,184,103497489926,2019-01-13,711.7,106079,397,9234,Fashion,0,785,38184,3,0,0,0,2,0,54,525170,108209,108209,58,58
398,573,98870688781,2019-01-13,708.2,1642451,398,297,Fashion,0,107,12077,1,0,0,77867,3,0,13,11835134,2280687,2202820,177,173
399,534,61560734189,2019-01-13,708.0,279860,399,7733,Fashion,0,103,7369,1,0,0,0,31,0,76,3542583,302922,302922,105,105
400,20025,83307044560,2019-01-13,950.6,6466455,400,112430,Social,1,10951,770899,1,0,0,281581,20,0,1439,92371855,8325931,8044350,178,178
401,10671,104505539024,2019-01-13,934.1,3903030,401,273282,Social,1,2280,545703,1,0,0,14550,13,0,40,63827605,7422987,7408437,81,80
402,3978,102074185381,2019-01-13,919.7,9850587,402,47813,Social,1,1133,328523,1,0,0,139765,9,0,43,56677648,12285369,12145604,38,37
403,12772,63615189860,2019-01-13,912.5,4380727,403,140518,Social,1,1026,713318,1,2655,0,114150,32,0,1509,22484485,4831344,4714539,170,103
404,6557,108656248227,2019-01-13,878.2,1362729,404,77034,Social,1,1789,678905,1,0,0,6,0,0,118,15942337,1737901,1737895,13,13
405,8084,100047541744,2019-01-13,873.1,558866,405,76635,Social,1,6446,337209,1,0,0,33427,123,0,1606,7606019,917749,884322,100,90
406,11714,53382623682,2019-01-13,866.7,1095490,406,16401,Social,1,17392,368289,1,0,0,0,42,0,170,14881495,1121097,1121097,169,168
407,3277,57643011336,2019-01-13,864.8,2829427,407,5766,Social,1,3330,315586,1,0,0,0,162,0,280,24241870,2779518,2779518,269,269
408,13415,59862270280,2019-01-13,856.7,431206,408,71654,Social,1,3836,864648,1,3,0,670,1,0,298,10743406,1083326,1082653,70,70
409,19407,66076741938,2019-01-13,853.9,257617,409,93501,Social,1,22488,581710,4,0,0,0,0,0,170,4240517,531569,531569,27,27
410,39683,58582614278,2019-01-13,853.1,456210,410,46582,Social,1,4297,406945,1,0,0,0,41,0,178,4832481,492441,492441,97,96
411,3851,102237799067,2019-01-13,847.8,410891,411,29030,Social,1,13371,285888,3,0,0,0,22,0,1482,12849564,689483,689483,116,111
412,1579,82489459834,2019-01-13,845.3,5293034,412,15710,Social,1,329,38730,1,0,0,0,3,0,48,29407996,5246513,5246513,68,65
413,3104,56997850335,2019-01-13,838.9,512256,413,26118,Social,1,3160,176934,1,0,0,0,8,0,266,5687644,649618,649618,287,287
414,2972,62332576804,2019-01-13,830.3,677636,414,18923,Social,1,1724,136581,1,126506,0,12585,472,0,2779,8187046,1350410,1211319,58,58
415,625,102798957121,2019-01-13,829.9,1619768,415,187164,Social,1,146,71678,2,0,0,34149,27,0,736,19213756,2270633,2236484,308,154
416,3127,95384515875,2019-01-13,829.7,1438512,416,9212,Social,1,1137,54127,1,0,0,0,50,0,30,10591875,1647377,1647377,81,80
417,3240,58165983420,2019-01-13,827.1,369847,417,36429,Social,1,2103,104869,1,5920,0,18354,124,0,283,2242357,390018,365744,175,173
418,17398,68168315694,2019-01-13,823.7,234019,418,57680,Social,1,1960,664590,1,1,0,13,33,0,1622,2235102,253521,253507,15,13
419,3432,101855924352,2019-01-13,821.1,296786,419,31860,Social,1,2159,175471,1,0,0,0,3,0,63,4031858,547330,547330,54,49
420,3818,102156397865,2019-01-13,819.9,141386,420,34917,Social,1,22314,206872,1,0,0,41002,1,0,36,1091386,260510,219508,151,150
421,5959,84792854942,2019-01-13,815.4,283306,421,37484,Social,1,1502,92102,3,228834,0,90746,383,0,1077,2593013,849247,529667,503,499
422,4760,96257239300,2019-01-13,812.4,244030,422,8841,Social,1,8023,138712,1,0,0,0,40,0,4224,4209259,260775,260775,121,121
423,3793,62054289463,2019-01-13,810.1,670380,423,2018,Social,1,9843,26874,2,0,0,0,29,0,1850,8885671,935542,935542,205,205
424,3438,93742986338,2019-01-13,807.6,167831,424,27974,Social,1,3379,83300,2,36993,0,0,165,0,200,963867,319581,282588,94,94
425,1455,71993929764,2019-01-13,805.6,213740,425,58757,Social,0,1538,164548,2,0,0,0,0,0,27,1104369,285915,285915,268,268
426,373,65722912557,2019-01-13,804.7,1374131,426,14392,Social,0,1145,15059,1,576,0,3168,42,0,1686,7301825,1398803,1395059,958,948
427,7135,63803326630,2019-01-13,803.6,82807,427,33274,Social,0,28363,511975,2,0,0,0,43,0,353,1701971,92597,92597,115,115
428,3857,68025003295,2019-01-13,803.5,971367,428,7789,Social,0,413,114344,1,3,0,18807,588,0,4017,19199897,1049833,1031023,221,219
429,1322,105886681600,2019-01-13,802.1,380778,429,24207,Social,0,1568,50420,1,0,0,0,1,0,107,3326366,772374,772374,37,31
430,5476,59802794452,2019-01-13,799.1,124873,430,64440,Social,0,1215,254830,3,0,0,0,37,0,186,1068745,163050,163050,124,122
431,499,60018411927,2019-01-13,796.6,290574,431,15488,Social,0,10681,35814,1,255718,0,41789,17,0,591,1054235,593529,296022,123,123
432,482,94210520804,2019-01-13,796.4,1464933,432,19765,Social,0,368,18583,1,5,0,129,16,0,28,16598583,1758460,1758326,35,35
433,318,59953478993,2019-01-13,796.3,1134474,433,49430,Social,0,409,5913,1,39,0,80627,17,0,787,8122017,1365033,1284367,128,128
434,4474,74613429965,2019-01-13,796.1,789465,434,14121,Social,0,242,69916,1,0,0,0,29,0,1651,6265958,868853,868853,207,207
435,2817,69911145654,2019-01-13,793.2,324014,435,16425,Social,0,809,191612,3,0,0,444,619,0,252,2124758,361373,360929,26,25
436,565,9541104553,2019-01-13,792.6,381492,436,18210,Social,0,1974,73815,1,2,0,261467,129,0,201,2092259,659458,397989,154,113
437,617,69990735974,2019-01-13,792.5,778376,437,3668,Social,0,3099,38630,1,0,0,0,16,0,184,6250691,815271,815271,112,112
438,276,66940512098,2019-01-13,792.2,2173481,438,50927,Social,0,106,8594,1,18547,0,295883,1,0,222,29332278,3273275,2958845,244,244
439,4550,68041263186,2019-01-13,791.2,1174170,439,2928,Social,0,451,57424,3,0,0,1165,231,0,26346,15048198,1323450,1322285,336,287
440,1741,70492655218,2019-01-13,788.7,316877,440,13962,Social,0,1065,204890,1,84968,0,1711,32,0,1026,3922638,547952,461273,116,110
441,1225,54656571099,2019-01-13,787.8,94103,441,23591,Social,0,15566,234423,1,8068,0,204,439,0,444,1275113,116313,108041,36,40
442,2047,93590368185,2019-01-13,784.4,1755496,442,669,Social,0,979,64932,1,0,0,17380,29,0,512,13766437,1851467,1834087,118,90
443,9026,81807994067,2019-01-13,782.5,126829,443,21984,Social,0,1340,126747,2,0,0,0,58,0,737,1398115,141307,141307,93,93
444,2209,92558696892,2019-01-13,781.9,454352,444,4666,Social,0,1152,70773,1,0,0,0,1,0,315,8393635,483866,483866,58,57
445,349,104754394875,2019-01-13,781.2,930727,445,23720,Social,0,270,51097,1,0,0,389187,5,0,4,5436077,1566770,1177583,85,57
446,3784,72410772758,2019-01-13,781.0,117051,446,5099,Social,0,7172,114119,1,0,0,6821,46,0,236,2550818,131587,124766,189,189
447,2702,58967115814,2019-01-13,779.2,1281488,447,9535,Social,0,78,57775,1,91,0,154342,99,0,3030,17269514,1507095,1352662,412,411
448,954,70711719754,2019-01-13,777.6,212808,448,7497,Social,0,8202,9420,3,87,0,1731,4924,0,49681,1389574,349728,347910,477,436
449,753,99391741397,2019-01-13,775.6,390971,449,18644,Social,0,531,94116,1,0,0,7,54,0,378,4138969,452229,452222,57,57
450,2539,76055758243,2019-01-13,930.7,40490737,450,19477,Anime Comic and Games,1,1315,58073,1,117884,0,3528200,2,0,14,206995481,44175295,40529211,315,309
451,790,99247509232,2019-01-13,895.5,6299999,451,79014,Anime Comic and Games,1,1347,63539,1,0,0,0,3,0,203,73210381,8282313,8282313,198,198
452,3547,50458723364,2019-01-13,888.7,3822803,452,23216,Anime Comic and Games,1,1954,236005,2,1253,0,96054,95,0,622,62191638,4531863,4434556,148,146
453,2936,103841523284,2019-01-13,842.4,225306,453,71566,Anime Comic and Games,1,9922,465341,1,0,0,0,33,0,125,1727532,255779,255779,127,122
454,476,90129610011,2019-01-13,828.8,5480124,454,21874,Anime Comic and Games,1,170,74901,1,0,0,330759,5,0,140,71110583,6951357,6620598,237,236
455,1742,92786819934,2019-01-13,810.8,428624,455,34755,Anime Comic and Games,1,949,184616,1,0,0,50,162,0,469,3567735,580785,580735,97,96
456,1591,53043781908,2019-01-13,776.2,1241888,456,5148,Anime Comic and Games,1,208,34173,1,114674,0,11472,98,0,235,7006980,1397214,1271068,287,234
457,13612,64257252450,2019-01-13,774.9,301985,457,13831,Anime Comic and Games,1,352,78823,4,63260,0,19602,13,0,16,4705298,618492,535630,401,401
458,460,77869750195,2019-01-13,768.1,805804,458,6900,Anime Comic and Games,1,796,4442,1,0,0,0,10,0,183,9473471,976177,976177,156,156
459,234,79538283570,2019-01-13,766.5,2131558,459,20407,Anime Comic and Games,1,72,6610,1,0,0,105668,4,0,285,21156127,2486856,2381188,234,222
460,969,65669685259,2019-01-13,762.3,213161,460,11940,Anime Comic and Games,1,980,60850,1,0,0,0,34,0,244,1683108,256104,256104,93,62
461,157,97234328497,2019-01-13,756.7,2407058,461,23962,Anime Comic and Games,1,38,6282,1,0,0,1620,1,0,124,12376788,2504260,2502640,126,125
462,81,64894843243,2019-01-13,752.6,1716246,462,3122,Anime Comic and Games,1,444,23735,1,31,0,31217,10,0,400,13615278,1887827,1856579,67,65
463,727,59395100481,2019-01-13,751.0,1381819,463,2667,Anime Comic and Games,1,144,24342,1,202,0,71728,44,0,59,14915111,1495713,1423783,330,171
464,2058,59040270884,2019-01-13,750.9,166922,464,4863,Anime Comic and Games,1,1171,43615,6,0,0,0,4,0,284,1714829,188501,188501,267,267
465,5103,64111607673,2019-01-13,743.7,316138,465,6478,Anime Comic and Games,1,146,26281,2,183105,0,103347,104,0,265,3017191,682001,395549,259,259
466,216,106768466807,2019-01-13,741.5,154419,466,40397,Anime Comic and Games,1,736,7635,2,0,0,0,38,0,163,1891490,198879,198879,100,83
467,77,81842981362,2019-01-13,737.4,1154197,467,1680,Anime Comic and Games,1,730,17420,1,0,0,0,7,0,15,7619926,1163932,1163932,157,156
468,68,58980677376,2019-01-13,718.3,812121,468,2955,Anime Comic and Games,1,371,5056,2,0,0,0,3,0,133,2889578,831677,831677,106,106
469,635,51401876717,2019-01-13,717.8,716055,469,2157,Anime Comic and Games,1,82,29642,2,0,0,0,92,0,1636,9510932,927671,927671,197,144
470,367,76059227696,2019-01-13,715.0,561344,470,1297,Anime Comic and Games,1,259,27251,1,0,0,25279,209,0,145,6503506,636585,611306,114,99
471,196,97721920333,2019-01-13,713.8,941313,471,3873,Anime Comic and Games,1,59,19054,1,0,0,18886,3,0,25,14175389,1485673,1466787,35,35
472,154,63675145400,2019-01-13,713.4,462296,472,1469,Anime Comic and Games,1,753,6539,1,9594,0,27,22,0,261,4786597,481940,472319,111,110
473,466,95099999272,2019-01-13,705.1,248111,473,1950,Anime Comic and Games,1,338,23768,1,0,0,0,289,0,2307,4580773,279427,279427,146,121
474,107,101196831514,2019-01-13,702.5,432083,474,22602,Anime Comic and Games,1,41,6284,1,0,0,0,1,0,226,2455963,593128,593128,90,45
475,554,97663085952,2019-01-13,696.3,2472982,475,-1018,Anime Comic and Games,0,7148,23333,1,0,0,80231,3,0,178,16032496,2520217,2439986,175,173
476,39,92086673169,2019-01-13,695.6,402698,476,3077,Anime Comic and Games,0,375,11780,2,222452,0,75765,11,0,34,3455586,783046,484829,207,207
477,368,96926722830,2019-01-13,694.0,200972,477,5086,Anime Comic and Games,0,150,8820,2,0,0,1654,114,0,2483,5731390,353467,351813,76,72
478,98,100417687880,2019-01-13,692.5,730041,478,1001,Anime Comic and Games,0,210,6257,2,0,0,46934,9,0,300,5337791,792546,745612,161,108
479,263,69460950608,2019-01-13,688.7,186233,479,1886,Anime Comic and Games,0,303,33174,1,0,0,5647,162,0,883,1325529,214672,209025,155,147
480,101,102580291871,2019-01-13,686.6,384663,480,13277,Anime Comic and Games,0,46,1934,1,0,0,51,589,0,306,2649782,502009,501958,107,107
481,386,98679178768,2019-01-13,683.6,675746,481,1299,Anime Comic and Games,0,39,8617,1,0,0,35,9,0,6,4664287,798898,798863,148,148
482,290,23666405266,2019-01-13,678.0,923456,482,883,Anime Comic and Games,0,25,17653,7,0,0,211251,13,0,201,11010276,1193474,982223,622,621
483,125,97646910124,2019-01-13,671.1,1017401,483,238,Anime Comic and Games,0,149,2396,1,0,0,0,54,0,3960,7615420,1068139,1068139,167,157
484,96,61541165636,2019-01-13,671.0,177682,484,1040,Anime Comic and Games,0,644,5968,1,0,0,0,10,0,679,1795380,183937,183937,301,300
485,32,61841769622,2019-01-13,669.8,374917,485,2196,Anime Comic and Games,0,212,2977,1,20,0,42415,27,0,328,3857678,433623,391188,384,384
486,259,9033487877,2019-01-13,668.5,586537,486,1216,Anime Comic and Games,0,33,5148,1,0,0,0,24,0,934,2424106,614052,614052,94,86
487,123,99214325574,2019-01-13,665.4,513387,487,1413,Anime Comic and Games,0,49,5716,1,0,0,16415,24,0,492,3775702,695636,679221,188,61
488,129,100452529526,2019-01-13,664.0,325806,488,8017,Anime Comic and Games,0,24,1522,1,0,0,1803,104,0,1920,2195821,393900,392097,51,51
489,23,100373585312,2019-01-13,659.2,606106,489,7874,Anime Comic and Games,0,22,1464,1,0,0,0,0,0,125,5150572,725592,725592,112,112
490,577,95785453017,2019-01-13,654.9,7345191,490,-1926,Anime Comic and Games,0,102,10510,1,0,0,0,3,0,4,80288786,8224514,8224514,208,208
491,15,63623642070,2019-01-13,652.5,1628139,491,2345,Anime Comic and Games,0,14,904,2,10,0,755369,9,0,5,539688,2414191,1658812,150,150
492,46,96090420829,2019-01-13,650.5,681098,492,946,Anime Comic and Games,0,44,3165,1,0,0,35012,2,0,224,5681435,766789,731777,85,85
493,217,103713742901,2019-01-13,644.0,243540,493,1300,Anime Comic and Games,0,33,8430,7,0,0,0,7,0,4,1746374,297309,297309,84,84
494,105,82754927442,2019-01-13,643.8,714236,494,779,Anime Comic and Games,0,17,4489,1,0,0,0,29,0,83,4553543,730902,730902,90,58
495,184,57009246266,2019-01-13,643.8,7131200,495,-523,Anime Comic and Games,0,142,6336,1,1828403,0,2929943,21,0,266,17859396,11953069,7194723,216,196
496,114,58927174287,2019-01-13,641.9,2820576,496,131,Anime Comic and Games,0,10,1845,1,24,0,381892,1,0,57,10795309,3267936,2886020,47,47
497,23,62236020493,2019-01-13,641.6,2776934,497,125,Anime Comic and Games,0,33,1767,1,0,0,227,15,0,448,34572851,2743953,2743726,142,123
498,258,93762021216,2019-01-13,641.6,320725,498,2341,Anime Comic and Games,0,9,8501,11,0,0,81756,154,0,698,2851955,552679,470923,1725,1594
499,726,103381788164,2019-01-13,641.3,434255,499,836,Anime Comic and Games,0,8,4916,1,0,0,0,3,0,115,1757175,468952,468952,20,20
